scenario,total_rows,parquet_mb,staged_total_sec,pipeline_median_sec,pipeline_peak_mb,raw_duckdb_sec,import_sec,clean_sec,standardize_sec,filter_sec,aggregate_sec,export_sec,materialize_pandas_sec,materialize_arrow_sec
pequeno,334303,15.785243034362793,0.1662252999667544,0.07581380000920035,0.13008689880371094,0.14666279999073595,0.0032168999896384776,0.007947999984025955,0.02763070000219159,0.01064689998747781,0.009359499992569908,0.10742330001085065,5.400297899992438,0.02506260000518523
medio,1119975,52.27138328552246,0.36902630000258796,0.12804479998885654,0.025835037231445312,0.21265099997981451,0.005151200020918623,0.010658999992301688,0.02419470000313595,0.011282699997536838,0.014646600000560284,0.3030920999881346,18.344299799995497,0.03689889999805018
grande,2074113,96.36610794067383,0.5087035000033211,0.16612439998425543,0.027355194091796875,0.2685428000113461,0.005906100006541237,0.014899600006174296,0.056888299994170666,0.013191700010793284,0.012970599986147135,0.4048471999994945,39.960109100007685,0.18139229997177608
