scenario,total_rows,parquet_mb,staged_total_sec,pipeline_median_sec,pipeline_peak_mb,raw_duckdb_sec,import_sec,clean_sec,standardize_sec,filter_sec,aggregate_sec,export_sec,materialize_pandas_sec,materialize_arrow_sec
pequeno,334303,15.785243034362793,0.17971359996590763,0.2313535999855958,0.1279592514038086,0.16243489997577854,0.0032682999735698104,0.008991599985165522,0.03452630000538193,0.008638500003144145,0.013461399998050183,0.11082750000059605,5.536525100003928,0.028970799990929663
medio,1119975,52.27138328552246,0.3029796000337228,0.31999430002178997,0.037743568420410156,0.2564446000033058,0.006353300006594509,0.012797500006854534,0.028660599986324087,0.01335510000353679,0.012054900027578697,0.2297582000028342,21.517226199997822,0.08254470000974834
grande,2074113,96.36610794067383,0.5560001999547239,0.5522200999839697,0.03965473175048828,0.3170971999934409,0.008953599986853078,0.024180299980798736,0.05380120000336319,0.015230299992254004,0.023394899995764717,0.4304398999956902,43.6029529000225,1.0362553999875672
