scenario,total_rows,parquet_mb,staged_total_sec,pipeline_median_sec,pipeline_peak_mb,raw_duckdb_sec,import_sec,clean_sec,standardize_sec,filter_sec,aggregate_sec,export_sec,materialize_pandas_sec,materialize_arrow_sec
pequeno,334303,15.785243034362793,0.38497200002893806,0.3635665999900084,0.12338733673095703,0.1561748000094667,0.0034884000197052956,0.004698500008089468,0.018217499979073182,0.006851100013591349,0.010342499997932464,0.3413740000105463,5.915337099984754,0.027163999999174848
medio,1119975,52.27138328552246,0.671454299998004,0.6362380999780726,0.03422260284423828,0.27323369999066927,0.004401100013637915,0.006839499983470887,0.01965189998736605,0.008164800005033612,0.009733399987453595,0.6226636000210419,19.39644439998665,0.04100889997789636
grande,2074113,96.36610794067383,0.7474640999862459,0.7619968999933917,0.0345916748046875,0.27809829998295754,0.006717000011121854,0.008168500004103407,0.021978999982820824,0.009515900019323453,0.013306899985764176,0.6877767999831121,42.60971229997813,0.2720746999839321
